Workbook

Sheet Aurora Express Time Study
B3: Recorder | C3: Forager | G3: Company | H3: Siemens Mobility
B4: Operator | C4: 1 | G4: Assembly | H4: Aurora Express Wheel
B5: Date | C5: MM/DD/YYY | G5: Units Made | H5: 1
A7: No: | B7: Element Description | F7: Observed Time | P7: Average | Q7: Range | R7: Notes
F8: 1 | G8: 2 | H8: 3 | I8: 4 | J8: 5 | K8: 6 | L8: 7 | M8: 8 | N8: 9 | O8: 10
A9: 1 | B9: Retrieve wheel components from storage | F9: 0.10416667 | G9: 0.10208333 | H9: 0.097916667 | I9: 0.10625 | J9: 0.10138889 | K9: 0.094444444 | L9: 0.10138889 | M9: 0.10833333 | N9: 0.10486111 | O9: 0.10347222 | P9: =AVERAGE(F9:O9) -> 0.10243056 | R9: Time varies by storage efficiency and distance.
A10: 2 | B10: Setup workspace and tools | F10: 0.072916667 | G10: 0.072916667 | H10: 0.067361111 | I10: 0.064583333 | J10: 0.075 | K10: 0.063194444 | L10: 0.065277778 | M10: 0.073611111 | N10: 0.067361111 | O10: 0.064583333 | P10: =AVERAGE(F10:O10) -> 0.068680556 | R10: Dependent on organization and availability of tools.
A11: 3 | B11: Inspect components for defects | F11: 0.125 | G11: 0.12916667 | H11: 0.13055556 | I11: 0.13125 | J11: 0.13055556 | K11: 0.11944444 | L11: 0.11875 | M11: 0.12638889 | N11: 0.12916667 | O11: 0.12847222 | P11: =AVERAGE(F11:O11) -> 0.126875 | R11: Critical for quality, variability in defect rates.
A12: 4 | B12: Assemble hub to wheel frame | F12: 0.18055556 | G12: 0.17013889 | H12: 0.17986111 | I12: 0.18194444 | J12: 0.18958333 | K12: 0.17638889 | L12: 0.17291667 | M12: 0.17361111 | N12: 0.17638889 | O12: 0.18194444 | P12: =AVERAGE(F12:O12) -> 0.17833333 | R12: Precision task, requiring manual dexterity.
A13: 5 | B13: Secure hub with bolts | F13: 0.11805556 | G13: 0.10972222 | H13: 0.12430556 | I13: 0.12083333 | J13: 0.10902778 | K13: 0.125 | L13: 0.11805556 | M13: 0.11388889 | N13: 0.10763889 | O13: 0.12013889 | P13: =AVERAGE(F13:O13) -> 0.11666667 | R13: Utilizes specialized tools; time varies by tool efficiency.
A14: 6 | B14: Lubricate wheel bearings | F14: 0.0625 | G14: 0.070833333 | H14: 0.063888889 | I14: 0.072222222 | J14: 0.052083333 | K14: 0.054166667 | L14: 0.065972222 | M14: 0.054166667 | N14: 0.059027778 | O14: 0.070833333 | P14: =AVERAGE(F14:O14) -> 0.062569444 | R14: Standardized process, but slight variations in application technique.
A15: 7 | B15: Install bearings into hub | F15: 0.13541667 | G15: 0.12708333 | H15: 0.12847222 | I15: 0.13819444 | J15: 0.125 | K15: 0.12916667 | L15: 0.12708333 | M15: 0.125 | N15: 0.1375 | O15: 0.13472222 | P15: =AVERAGE(F15:O15) -> 0.13076389 | R15: Requires precision; misalignment can lead to rework.
A16: 8 | B16: Attach wheel sensors | F16: 0.11111111 | G16: 0.10555556 | H16: 0.11805556 | I16: 0.11388889 | J16: 0.10347222 | K16: 0.11666667 | L16: 0.10902778 | M16: 0.10416667 | N16: 0.10833333 | O16: 0.10694444 | P16: =AVERAGE(F16:O16) -> 0.10972222 | R16: Involves delicate handling and precision placement.
A17: 9 | B17: Test sensor functionality | F17: 0.12152778 | G17: 0.11736111 | H17: 0.12013889 | I17: 0.12083333 | J17: 0.12569444 | K17: 0.11875 | L17: 0.11388889 | M17: 0.13194444 | N17: 0.12916667 | O17: 0.12916667 | P17: =AVERAGE(F17:O17) -> 0.12284722 | R17: Critical step, time varies based on sensor performance.
A18: 10 | B18: Fit brake discs to hub | F18: 0.17013889 | G18: 0.17291667 | H18: 0.16527778 | I18: 0.16458333 | J18: 0.16319444 | K18: 0.16944444 | L18: 0.17361111 | M18: 0.15972222 | N18: 0.17569444 | O18: 0.16041667 | P18: =AVERAGE(F18:O18) -> 0.1675 | R18: Involves heavy lifting and precise alignment.
A19: 11 | B19: Install brake calipers | F19: 0.15972222 | G19: 0.16388889 | H19: 0.15555556 | I19: 0.14930556 | J19: 0.15347222 | K19: 0.16180556 | L19: 0.15486111 | M19: 0.16111111 | N19: 0.16805556 | O19: 0.15208333 | P19: =AVERAGE(F19:O19) -> 0.15798611 | R19: Complex assembly with multiple components.
A20: 12 | B20: Connect brake lines | F20: 0.14930556 | G20: 0.15138889 | H20: 0.15277778 | I20: 0.13958333 | J20: 0.14444444 | K20: 0.15763889 | L20: 0.14861111 | M20: 0.15138889 | N20: 0.14027778 | O20: 0.14583333 | P20: =AVERAGE(F20:O20) -> 0.148125 | R20: Requires careful routing and secure connections.
... A28: 20 | B28: Transport assembly to next section | F28: 0.11111111 | G28: 0.10138889 | H28: 0.10069444 | I28: 0.12152778 | J28: 0.11736111 | K28: 0.11458333 | L28: 0.11527778 | M28: 0.10972222 | N28: 0.11319444 | O28: 0.10069444 | P28: =AVERAGE(F28:O28) -> 0.11055556 | R28: Efficiency depends on workshop layout and transport availability.

Sheet Analysis
A1: AURORA EXPRESS WHEEL ASSEMBLY -TIME STUDY ANALYSIS | Y1: `
A2: Step No. | B2: Element Description | E2: Observed Time (Seconds) | O2: Avg (sec) | P2: Avg (hr:Min:Sec) | Q2: Standard Deviation | R2: Range(Sec) | S2: Coefficient of Variation (%) | T2: Weighted composite score | U2: Rank based on composite score | V2: Notes
E3: Obs 1 | F3: Obs 2 | G3: Obs 3 | H3: Obs 4 | I3: Obs 5 | J3: Obs 6 | K3: Obs 7 | L3: Obs 8 | M3: Obs 9 | N3: Obs 10
A4: 1 | B4: Retrieve wheel components from storage | E4: 150 | F4: 147 | G4: 141 | H4: 153 | I4: 146 | J4: 136 | K4: 146 | L4: 156 | M4: 151 | N4: 149 | O4: =AVERAGE(E4:N4) -> 147.5 | P4: =O4/86400 -> 0.0017071759 | Q4: =_xlfn.STDEV.S(E4:N4) -> 5.797509 | R4: =MAX(E4:N4)-MIN(E4:N4) -> 20 | S4: =(Q4/O4)*100 -> 3.9305146 | T4: =(0.5*((O4- MIN($O$5:$O$23)) / (MAX($O$5:$O$23) - MIN($O$5:$O$23))))+(((S4- MIN($S$5:$S$23)) / (MAX($S$5:$S$23) - MIN($S$5:$S$23)))*0.5) -> 0.20215114 | U4: =RANK(T4,$T$4:$T$23,0) -> 20 | V4: Time varies by storage efficiency and distance.
A5: 2 | B5: Setup workspace and tools | E5: 105 | F5: 105 | G5: 97 | H5: 93 | I5: 108 | J5: 91 | K5: 94 | L5: 106 | M5: 97 | N5: 93 | O5: =AVERAGE(E5:N5) -> 98.9 | P5: =O5/86400 -> 0.0011446759 | Q5: =_xlfn.STDEV.S(E5:N5) -> 6.4195881 | R5: =MAX(E5:N5)-MIN(E5:N5) -> 17 | S5: =(Q5/O5)*100 -> 6.490989 | T5: =(0.5*((O5- MIN($O$5:$O$23)) / (MAX($O$5:$O$23) - MIN($O$5:$O$23))))+(((S5- MIN($S$5:$S$23)) / (MAX($S$5:$S$23) - MIN($S$5:$S$23)))*0.5) -> 0.231954 | U5: =RANK(T5,$T$4:$T$23,0) -> 19 | V5: Dependent on organization and availability of tools.
A6: 3 | B6: Inspect components for defects | E6: 180 | F6: 186 | G6: 188 | H6: 189 | I6: 188 | J6: 172 | K6: 171 | L6: 182 | M6: 186 | N6: 185 | O6: =AVERAGE(E6:N6) -> 182.7 | P6: =O6/86400 -> 0.0021145833 | Q6: =_xlfn.STDEV.S(E6:N6) -> 6.5157928 | R6: =MAX(E6:N6)-MIN(E6:N6) -> 18 | S6: =(Q6/O6)*100 -> 3.566389 | T6: =(0.5*((O6- MIN($O$5:$O$23)) / (MAX($O$5:$O$23) - MIN($O$5:$O$23))))+(((S6- MIN($S$5:$S$23)) / (MAX($S$5:$S$23) - MIN($S$5:$S$23)))*0.5) -> 0.25825542 | U6: =RANK(T6,$T$4:$T$23,0) -> 18 | V6: Critical for quality, variability in defect rates.
A7: 4 | B7: Assemble hub to wheel frame | E7: 260 | F7: 245 | G7: 259 | H7: 262 | I7: 273 | J7: 254 | K7: 249 | L7: 250 | M7: 254 | N7: 262 | O7: =AVERAGE(E7:N7) -> 256.8 | P7: =O7/86400 -> 0.0029722222 | Q7: =_xlfn.STDEV.S(E7:N7) -> 8.1213026 | R7: =MAX(E7:N7)-MIN(E7:N7) -> 28 | S7: =(Q7/O7)*100 -> 3.162501 | T7: =(0.5*((O7- MIN($O$5:$O$23)) / (MAX($O$5:$O$23) - MIN($O$5:$O$23))))+(((S7- MIN($S$5:$S$23)) / (MAX($S$5:$S$23) - MIN($S$5:$S$23)))*0.5) -> 0.39526478 | U7: =RANK(T7,$T$4:$T$23,0) -> 4 | V7: Precision task, requiring manual dexterity.
A8: 5 | B8: Secure hub with bolts | E8: 170 | F8: 158 | G8: 179 | H8: 174 | I8: 157 | J8: 180 | K8: 170 | L8: 164 | M8: 155 | N8: 173 | O8: =AVERAGE(E8:N8) -> 168 | P8: =O8/86400 -> 0.0019444444 | Q8: =_xlfn.STDEV.S(E8:N8) -> 9.067647 | R8: =MAX(E8:N8)-MIN(E8:N8) -> 25 | S8: =(Q8/O8)*100 -> 5.3974089 | T8: =(0.5*((O8- MIN($O$5:$O$23)) / (MAX($O$5:$O$23) - MIN($O$5:$O$23))))+(((S8- MIN($S$5:$S$23)) / (MAX($S$5:$S$23) - MIN($S$5:$S$23)))*0.5) -> 0.32234573 | U8: =RANK(T8,$T$4:$T$23,0) -> 12 | V8: Utilizes specialized tools; time varies by tool efficiency.
A9: 6 | B9: Lubricate wheel bearings | E9: 90 | F9: 102 | G9: 92 | H9: 104 | I9: 75 | J9: 78 | K9: 95 | L9: 78 | M9: 85 | N9: 102 | O9: =AVERAGE(E9:N9) -> 90.1 | P9: =O9/86400 -> 0.0010428241 | Q9: =_xlfn.STDEV.S(E9:N9) -> 10.805863 | R9: =MAX(E9:N9)-MIN(E9:N9) -> 29 | S9: =(Q9/O9)*100 -> 11.993188 | T9: =(0.5*((O9- MIN($O$5:$O$23)) / (MAX($O$5:$O$23) - MIN($O$5:$O$23))))+(((S9- MIN($S$5:$S$23)) / (MAX($S$5:$S$23) - MIN($S$5:$S$23)))*0.5) -> 0.5 | U9: =RANK(T9,$T$4:$T$23,0) -> 1 | V9: Standardized process, but slight variations in application technique.
A10: 7 | B10: Install bearings into hub | E10: 195 | F10: 183 | G10: 185 | H10: 199 | I10: 180 | J10: 186 | K10: 183 | L10: 180 | M10: 198 | N10: 194 | O10: =AVERAGE(E10:N10) -> 188.3 | P10: =O10/86400 -> 0.0021793981 | Q10: =_xlfn.STDEV.S(E10:N10) -> 7.4244341 | R10: =MAX(E10:N10)-MIN(E10:N10) -> 19 | S10: =(Q10/O10)*100 -> 3.9428753 | T10: =(0.5*((O10- MIN($O$5:$O$23)) / (MAX($O$5:$O$23) - MIN($O$5:$O$23))))+(((S10- MIN($S$5:$S$23)) / (MAX($S$5:$S$23) - MIN($S$5:$S$23)))*0.5) -> 0.2898262 | U10: =RANK(T10,$T$4:$T$23,0) -> 14 | V10: Requires precision; misalignment can lead to rework.
A11: 8 | B11: Attach wheel sensors | E11: 160 | F11: 152 | G11: 170 | H11: 164 | I11: 149 | J11: 168 | K11: 157 | L11: 150 | M11: 156 | N11: 154 | O11: =AVERAGE(E11:N11) -> 158 | P11: =O11/86400 -> 0.0018287037 | Q11: =_xlfn.STDEV.S(E11:N11) -> 7.3484692 | R11: =MAX(E11:N11)-MIN(E11:N11) -> 21 | S11: =(Q11/O11)*100 -> 4.6509299 | T11: =(0.5*((O11- MIN($O$5:$O$23)) / (MAX($O$5:$O$23) - MIN($O$5:$O$23))))+(((S11- MIN($S$5:$S$23)) / (MAX($S$5:$S$23) - MIN($S$5:$S$23)))*0.5) -> 0.26210239 | U11: =RANK(T11,$T$4:$T$23,0) -> 17 | V11: Involves delicate handling and precision placement.
A12: 9 | B12: Test sensor functionality | E12: 175 | F12: 169 | G12: 173 | H12: 174 | I12: 181 | J12: 171 | K12: 164 | L12: 190 | M12: 186 | N12: 186 | O12: =AVERAGE(E12:N12) -> 176.9 | P12: =O12/86400 -> 0.0020474537 | Q12: =_xlfn.STDEV.S(E12:N12) -> 8.4649605 | R12: =MAX(E12:N12)-MIN(E12:N12) -> 26 | S12: =(Q12/O12)*100 -> 4.785167 | T12: =(0.5*((O12- MIN($O$5:$O$23)) / (MAX($O$5:$O$23) - MIN($O$5:$O$23))))+(((S12- MIN($S$5:$S$23)) / (MAX($S$5:$S$23) - MIN($S$5:$S$23)))*0.5) -> 0.30941557 | U12: =RANK(T12,$T$4:$T$23,0) -> 13 | V12: Critical step, time varies based on sensor performance.
A13: 10 | B13: Fit brake discs to hub | E13: 245 | F13: 249 | G13: 238 | H13: 237 | I13: 235 | J13: 244 | K13: 250 | L13: 230 | M13: 253 | N13: 231 | O13: =AVERAGE(E13:N13) -> 241.2 | P13: =O13/86400 -> 0.0027916667 | Q13: =_xlfn.STDEV.S(E13:N13) -> 8.1349725 | R13: =MAX(E13:N13)-MIN(E13:N13) -> 23 | S13: =(Q13/O13)*100 -> 3.3727083 | T13: =(0.5*((O13- MIN($O$5:$O$23)) / (MAX($O$5:$O$23) - MIN($O$5:$O$23))))+(((S13- MIN($S$5:$S$23)) / (MAX($S$5:$S$23) - MIN($S$5:$S$23)))*0.5) -> 0.37294597 | U13: =RANK(T13,$T$4:$T$23,0) -> 6 | V13: Involves heavy lifting and precise alignment.
A14: 11 | B14: Install brake calipers | E14: 230 | F14: 236 | G14: 224 | H14: 215 | I14: 221 | J14: 233 | K14: 223 | L14: 232 | M14: 242 | N14: 219 | O14: =AVERAGE(E14:N14) -> 227.5 | P14: =O14/86400 -> 0.0026331019 | Q14: =_xlfn.STDEV.S(E14:N14) -> 8.4491946 | R14: =MAX(E14:N14)-MIN(E14:N14) -> 27 | S14: =(Q14/O14)*100 -> 3.7139317 | T14: =(0.5*((O14- MIN($O$5:$O$23)) / (MAX($O$5:$O$23) - MIN($O$5:$O$23))))+(((S14- MIN($S$5:$S$23)) / (MAX($S$5:$S$23) - MIN($S$5:$S$23)))*0.5) -> 0.36150963 | U14: =RANK(T14,$T$4:$T$23,0) -> 9 | V14: Complex assembly with multiple components.
A15: 12 | B15: Connect brake lines | E15: 215 | F15: 218 | G15: 220 | H15: 201 | I15: 208 | J15: 227 | K15: 214 | L15: 218 | M15: 202 | N15: 210 | O15: =AVERAGE(E15:N15) -> 213.3 | P15: =O15/86400 -> 0.00246875 | Q15: =_xlfn.STDEV.S(E15:N15) -> 8.1520277 | R15: =MAX(E15:N15)-MIN(E15:N15) -> 26 | S15: =(Q15/O15)*100 -> 3.8218601 | T15: =(0.5*((O15- MIN($O$5:$O$23)) / (MAX($O$5:$O$23) - MIN($O$5:$O$23))))+(((S15- MIN($S$5:$S$23)) / (MAX($S$5:$S$23) - MIN($S$5:$S$23)))*0.5) -> 0.33684559 | U15: =RANK(T15,$T$4:$T$23,0) -> 10 | V15: Requires careful routing and secure connections.
... A23: 20 | B23: Transport assembly to next section | E23: 160 | F23: 146 | G23: 145 | H23: 175 | I23: 169 | J23: 165 | K23: 166 | L23: 158 | M23: 163 | N23: 145 | O23: =AVERAGE(E23:N23) -> 159.2 | P23: =O23/86400 -> 0.0018425926 | Q23: =_xlfn.STDEV.S(E23:N23) -> 10.643725 | R23: =MAX(E23:N23)-MIN(E23:N23) -> 30 | S23: =(Q23/O23)*100 -> 6.6857571 | T23: =(0.5*((O23- MIN($O$5:$O$23)) / (MAX($O$5:$O$23) - MIN($O$5:$O$23))))+(((S23- MIN($S$5:$S$23)) / (MAX($S$5:$S$23) - MIN($S$5:$S$23)))*0.5) -> 0.37073311 | U23: =RANK(T23,$T$4:$T$23,0) -> 7 | V23: Efficiency depends on workshop layout and transport availability.
A24: Total End to End Cycle time | O24: =SUM(O4:O23) -> 3724.3 | P24: =SUM(P4:P23) -> 0.043105324
E27: LEGEND
E28: Primary Bottlenecks Step 14 Highest duration
E29: Primary Bottlenecks Step 6 duration is low but very high variation
E30: Secondary Bottleneck Steps 16 with second highest duration
E31: Secondary Bottleneck Steps 4 with third highest duration | U31: =(SUM(O7:O12)-'Findings & Recommendations'!N10)/86400 -> 0.011866898
E32: Secondary Bottleneck Steps 13 with fourth highest duration | U32: =(SUM(O13:O16)-'Findings & Recommendations'!N11)/86400 -> 0.010513715
U33: =(O17-48.675)/86400 -> 0.003192419
U34: =(SUM(E18:E19)-'Findings & Recommendations'!N9)/86400 -> 0.0046134259
U35: =SUM(O20:O21)/86400 -> 0.0035659722

Sheet Sheet1
A1: Step No. | B1: Element Description | C1: Avg (sec) | D1: Avg (mm:ss) | E1: Std Dev | F1: Range(s) | G1: CV (%) | H1: Rank
A2: 1 | B2: Retrieve wheel components from storage | C2: 147.5 | D2: 0.0017071759 | E2: 5.797509 | F2: 20 | G2: 3.9305146 | H2: =Analysis!U4 -> 20
A3: 2 | B3: Setup workspace and tools | C3: 98.9 | D3: 0.0011446759 | E3: 6.4195881 | F3: 17 | G3: 6.490989 | H3: =Analysis!U5 -> 19
A4: 3 | B4: Inspect components for defects | C4: 182.7 | D4: 0.0021145833 | E4: 6.5157928 | F4: 18 | G4: 3.566389 | H4: =Analysis!U6 -> 18
A5: 4 | B5: Assemble hub to wheel frame | C5: 256.8 | D5: 0.0029722222 | E5: 8.1213026 | F5: 28 | G5: 3.162501 | H5: =Analysis!U7 -> 4
A6: 5 | B6: Secure hub with bolts | C6: 168 | D6: 0.0019444444 | E6: 9.067647 | F6: 25 | G6: 5.3974089 | H6: =Analysis!U8 -> 12
A7: 6 | B7: Lubricate wheel bearings | C7: 90.1 | D7: 0.0010428241 | E7: 10.805863 | F7: 29 | G7: 11.993188 | H7: =Analysis!U9 -> 1
A8: 7 | B8: Install bearings into hub | C8: 188.3 | D8: 0.0021793981 | E8: 7.4244341 | F8: 19 | G8: 3.9428753 | H8: =Analysis!U10 -> 14
A9: 8 | B9: Attach wheel sensors | C9: 158 | D9: 0.0018287037 | E9: 7.3484692 | F9: 21 | G9: 4.6509299 | H9: =Analysis!U11 -> 17
A10: 9 | B10: Test sensor functionality | C10: 176.9 | D10: 0.0020474537 | E10: 8.4649605 | F10: 26 | G10: 4.785167 | H10: =Analysis!U12 -> 13
A11: 10 | B11: Fit brake discs to hub | C11: 241.2 | D11: 0.0027916667 | E11: 8.1349725 | F11: 23 | G11: 3.3727083 | H11: =Analysis!U13 -> 6
A12: 11 | B12: Install brake calipers | C12: 227.5 | D12: 0.0026331019 | E12: 8.4491946 | F12: 27 | G12: 3.7139317 | H12: =Analysis!U14 -> 9
A13: 12 | B13: Connect brake lines | C13: 213.3 | D13: 0.00246875 | E13: 8.1520277 | F13: 26 | G13: 3.8218601 | H13: =Analysis!U15 -> 10
... A21: 20 | B21: Transport assembly to next section | C21: 159.2 | D21: 0.0018425926 | E21: 10.643725 | F21: 30 | G21: 6.6857571 | H21: =Analysis!U23 -> 7
A22: Total End to End Cycle time | C22: 3724.3 | D22: 0.043105324

Sheet Findings & Recommendations
A1: Consolidated Bottleneck Analysis & Recommendation
A2: Current Cycle Time | E2: Bottleneck Steps | I2: Share of Cycle (Bottlenecks) | L2: Projected saving | O2: Projected Cycle time
A3: 0.043101852 | E3: 5 | I3: 0.334 | L3: 99.79 seconds | O3: 0.041956019
A4: 3724 seconds per 20 steps | E4: 2 Primary & 3 Secondary | I4: Steps 14, 6, 16, 4, 13 | L4: conservative estimate | O4: Post implementation
A5: Type | B5: Step | C5: Key Metrics | H5: Root Cause | J5: Recommendations | L5: Priority | M5: Guestimated. Saving | N5: Guestimated time reduction (based on lower limit of %s) | O5: Guestimate Rationale and reference
C6: Avg | D6: Range | E6: CV (%) | F6: Cycle (%) | G6: SD
A7: PRIMARY | B7: Step 14: Mount wheel to axle | C7: 324.5 s (5:24) | D7: 23 s (5:12 - 5:35) | E7: 0.024 | F7: 0.087 | G7: 7.8 | H7: Equipment dependency: Crane-assisted heavy lift creates queue times & scheduling conflicts. Low CV (2.4%) confirms delay is structural, not operator-dependent process is consistent but slow. | J7: Introduce dedicated overhead crane station :Assign a permanent crane and operator exclusively to the wheel mounting zone. Eliminates \\equipment queue time. | L7: High | M7: ~15–20% on Step 14 duration | N7: =324.5*0.15 -> 48.675 | O7: The 15–20% saving estimate is grounded in three evidence sources: 1. Equipment availability literature: When a shared crane is converted to a dedicated resource, queuing delay (the dominant cause here given low CV = 2.4%) is eliminated. Factory Physics (Hopp & Spearman) shows that reducing resource utilisation from ~90% to ~70% by dedicating a resource cuts average queue time by 50–75%. 2. Comparable case: Lathashankar et al. (2018): In a 4-Ton compactor tack welding case, introducing a dedicated fixture (eliminating manual crane-and-hook trial-and-error) reduced front chassis cycle time by 20% and rear chassis by 18%. The mechanism is identical — replacing shared, unscheduled lifting equipment with a dedicated setup. 3. Lean literature (Malik et al., 2011): After implementing industrial engineering cycle reduction techniques focused on equipment allocation, production time was reduced by 24%. A 15–20% estimate for a single step is therefore conservative relative to these precedents.
A8: PRIMARY | B8: Step 6: Lubricate wheel bearings | C8: 161 s | D8: 26 s | E8: 12.0% (Highest) | F8: 0.043 | G8: 10.61 | H8: Manual technique variability: Specialised bearing lubrication is done by hand so the amount of oil applied and technique varies operator-to-operator. High CV (12%) is the signal: This is not a slow step but an inconsistent one, creating downstream bearing failures and rework risk. | J8: Standardise lubrication via calibrated dispensing tool: Introduce a calibrated grease dispensing gun with a fixed dosage setting. Eliminates operator judgment on grease volume and application pressure. | L8: Medium | M8: ~30–40% CV reduction (not duration saving) | N8: 0 | O8: The target here is CV reduction (12% → ~7–8%), not cycle time duration. The rationale: 1. Manual vs. automated dispense CV data: In laboratory and industrial settings, switching from manual pipetting/dispensing to calibrated automated dispensing tools reduces inter-operator CV from 10–15% down to 2–5% (Thermo Fisher Scientific application notes; ISO 8655 pipetting standards). A 30–40% reduction in CV is a conservative estimate of this effect. 2. Bearing assembly research: Skf & Schaeffler engineering guides document that inconsistent grease quantity is the leading cause of premature bearing failure in wheel assemblies. Standardising to a calibrated dispenser is classified as a low-cost, high-impact intervention. 3. Process variability reduction from tooling (Antil & Budhiraja, 2013): By modifying tools and fixtures in a manufacturing process, rejection rate was reduced and production consistency improved — the mechanism being elimination of operator-dependent variation. A 30–40% CV reduction for a manual dispensing step is consistent with this class of improvement.
A9: SECONDARY | B9: Step 16: Align wheel assembly | C9: 264 s | D9: 27 s | E9: 0.037 | F9: 0.071 | G9: 9.66 | H9: Manual alignment judgment: Operator uses manual tools and visual judgment to align wheel assembly. Duration is 18.1% below Step 14 but still the second longest step. Moderate CV suggests operator-to-operator variation in technique and confidence. | J9: Implement laser-guided alignment system: Replace manual alignment tools with a laser alignment system. Reduces operator judgment variability and shortens time. Improved accuracy will further reduce alignment-related rework downstream. | L9: High | M9: ~10–15% on Step 16 duration | N9: 26.4 | O9: 1. Manual vs. laser alignment studies: Diaz et al. (2017) conducted a cycle time study for aircraft wing spar assembly and found that introducing guided alignment tools (replacing manual judgment) could reduce alignment cycle time by up to 20%. A conservative 10–15% is used here given wheel assembly is a simpler geometry than wing spar. 2. Computer-aided vs. manual measurement (imaging literature): Studies comparing manual tracing to computer-aided measurement show manual CV of ~32–33% vs. CAC CV of ~19% — a 40% CV reduction. For time, alignment tasks guided by a reference tool (laser) vs. manual eyeballing reduce duration by 10–20% by eliminating repeated trial passes. 3. Naveen & Ramesh Babu (2015): Using cause-and-effect analysis and corrective tooling on manual assembly steps, production rate improvement of 10–18% was documented. Laser alignment is a stronger intervention than basic tooling changes, so 10–15% is again conservative.
A10: SECONDARY | B10: Step 4: Assemble hub to wheel frame | C10: 256 s (4.16) | D10: 26 s | E10: 0.0316 | F10: 0.068 | G10: 8.12 | H10: Technique variability / no SOP: Hub assembly involves multiple components and relies on operator experience. No standardised procedure documented. New operators take significantly longer, which widens the range and inflates the average. | J10: Introduce SOP with video-based training: Create standardised operating procedures (video + checklist) for hub assembly and for Bleed brake suystem Tasks, this can reduce the technique dependent variability and will enables faster onboarding of new operators, for the respective tasks. | L10: Medium | M10: ~5–8% on Steps 4 | N10: =256*0.05 -> 12.8 | O10: 1. SOP and standardised work impact (Lean literature): Kumar & Kumar (2014) documented a truck body assembly line where implementing lean principles including standardised work instructions reduced cycle time by measurable amounts at individual stations — the primary mechanism being elimination of operator hesitation and rework. A 5–8% reduction per step is consistent with SOP-only interventions (without capital investment). 2. Mishra (2015): Productivity improvement through method study principles (standardisation, documented SOPs) achieved meaningful cycle time reduction in automobile assembly — confirming that procedural interventions alone yield 5–10% gains without tooling changes. 3. Learning curve effect: Assembly operations without SOPs exhibit steeper operator learning curves. Video-based SOPs are documented to reduce time-to-competency by 20–40% for new operators (training literature), which reduces the variance that inflates average cycle time across a mixed-experience workforce.
A11: SECONDARY | B11: Step 13: Bleed brake system | C11: 238.3 s | D11: 25 s | E11: 0.036 | F11: 0.064 | G11: 8.59 | H11: Manual technique / operator skill: Time varies with operator technique and experienced operators bleed efficiently. newer operators take longer and may require repeat passes. The 25s range reflects this skill gap. | M11: ~5–8% on Steps 13 | N11: =238.3*0.05 -> 11.915 | O11: Same SOP rationale as Step 4 applies (see above). Specifically for brake bleeding: 1. Automotive brake bleed standardisation: In automotive assembly, brake bleeding is one of the most operator-skill-dependent operations. OEM studies (Toyota Production System documentation) show that standardised work sequences for fluid-fill and bleed operations reduce cycle time variance by 30–50% and mean time by 5–10% by eliminating redundant passes and hesitation time. 2. Safety-critical operation conservatism: Because this step is safety-critical, the 5–8% estimate deliberately excludes any time pressure — the SOP's primary goal is consistency and defect elimination, with time saving as a secondary benefit. Trying to aggressively cut time on a brake bleed step carries quality risk. 3. Shayea et al. (2011): Productivity improvement model without increasing operation risk and fatigue showed that formalising procedure on safety-sensitive steps reduces both time and error rate simultaneously — the key mechanism being reduced cognitive load on operators.
